Products,Values
Dove Beauty Bar,1
Lipton Tea,2
Axe Body Spray,3
Knorr Soup,4
Hellmann's Mayonnaise,5
Vaseline Intensive Care Lotion,6
Ben & Jerry's Ice Cream,7
Tresemmé Shampoo,8
Sunsilk Shampoo,9
Pond's Cold Cream,10
Suave Shampoo,11
Degree Deodorant,12
TIGI Haircare Products,13
Lux Soap,14
Q-Tips Cotton Swabs,15
Simple Skincare Products,16
TRESemmé Hair Styling Products,17
Seventh Generation Cleaning Products,18
St. Ives Skincare Products,19
Cif Cleaning Products,20
Signal Toothpaste,21
Domestos Cleaner,22
Radox Bath Products,23
Dermalogica Skincare Products,24
Omo Laundry Detergent,25
Comfort Fabric Softener,26
Alberto Balsam Haircare Products,27
Persil Laundry Detergent,28
Blueair Air Purifiers,29
Zendium Toothpaste,30
Brylcreem Hair Cream,31
Brummel & Brown Spread,32
Baby Dove Baby Care Products,33
Brylcreem Hair Gel,34
Lever 2000 Soap,35
Dermalogica Skincare Products,36
Cif Cleaning Products,37
Noxzema Skincare Products,38
Magnum Ice Cream,39
Breyers Ice Cream,40
Popsicle Ice Pops,41
Talenti Gelato,42
Suave Body Wash,43
Q-Tips Cotton Swabs,44
St. Ives Body Lotion,45
Tazo Tea,46
Country Crock Spread,47
Nexxus Haircare Products,48
Pears Soap,49
Vaseline Lip Therapy,50
